s1_id,candidate_id,label,prob,s1_name,s1_addr,s1_country,cand_name,cand_addr
S1-985294406,S3-151451504,0,0.9999999999999727,caffery silver rail,1200 northgate business parkway unit 110 nashville tn,US,caffery silver rail inc,120 silva st snohomish washington
S1-985294406,S3-328436665,0,0.9999999999999727,caffery silver rail,1200 northgate business parkway unit 110 nashville tn,US,caffery silver rail inc,120 silva st snohomish washington
S1-482030135,S3-33757680,0,0.9999999999999323,brynne sack inpoint,926 southwestern drive busti ny,US,brynne sack inpoint inc,2379 edenburgh dr columbus ohio
S1-461314954,S3-148222276,0,0.9999999999999076,prabodh traders pvt ltd,plot d 268 a first floor backside industrial area focal point phase 8 b s a s nagar mohali rupnagar punjab,India,prabodh traders pvt,4th cross new 5th cross c block near vivekananda law college gayathri na gar 3188 bangalore ka bangalore
S1-317331183,S3-610428500,0,0.9999993758807514,ironclad pllc,or medford 21 orange street fl 1,US,ironclad l l c,dennis st fl 1 olympia washington
S1-302701192,S3-203060983,0,0.999997248422193,helios manvel,4216 bald cypress court unit 1 2 manvel tx,US,helios boa ltd,350 virginia avenue unit 1 2 sebring ohio
S1-375593028,S3-127404518,0,0.9999902268599301,cure hair studio,3237 yanceyville street unit 18 greensboro nc,US,cure nails,9304 a 32nd street unit unit 18 sioux falls townshiip south dakota
S1-473434633,S2-649667271,0,0.9999874751262069,pune oil llp,pune sr no 193 2 2 5 bhausaheb kalate nagar flat no 103 pune maharashtra,India,pune diamonds private limited,103 chunawala chambershivaji nagar pune maharashtra
S1-379707842,S3-906059621,0,0.9999751383229961,p x k best,412 5th street newton ks,US,best talent tenchnolagoies,412 valley street omaha nebraska
S1-292630372,S3-768000852,0,0.9999735943943902,lozano street,130 a mill street berlin ct,US,2237 lake street company holdings,130 market street monticello indiana
S1-640746766,S3-780941615,0,0.9999567761042225,deco steel limited,sco 7 first floor metro city plaza market rajpura mohali punjab,India,borivali west deco,
S1-29628048,S2-347959170,0,0.9999544102688179,uttar india pvt ltd,tc 07 0692 samantha ulloor sreekariyam kochulloor medical college po thiruvananthapuram trivandrum kerala,India,uttar india pvt ltd,kerala tc 07 703 samantha ulloor sreekariyam kochulloor medical college po thiruvananthapuram
S1-212078847,S2-343620236,0,0.9999436912004221,global power private limited,flat no 201 morya heights sr no 3 1a 12 1 gaikwad n pune city pune maharashtra,India,xo power ltd,b 201 jijau chs ltd p4 5 6 8 sec 17 kamothe panvel maharashtra
S1-463997205,S3-800725988,0,0.9999428295672338,radharani group of companies,709 7th floor pmg colony building no 5 b mumbai maharashtra,India,radharani group of companies,0718 7th floor pmg colony building no 5 b mumbai mh
S1-39851064,S3-401690830,0,0.9999395205250736,rojas hennessy,105 1 2 winston avenue wilmington de,US,ry 1 hennessy,virginia wytheville 755 1 2 fourth st
S1-557166318,S3-100557524,0,0.9999341604043754,corporate property solutions inc,2377 82 unit apartment 2 la grange ny,US,corporate property solutions inc,2388 82 unit apartment 2 la grange new york
S1-220087997,S3-185268328,0,0.9999316271683449,upper roman inc,19 giles avenue north haven ct,US,upper optimal kodiak llc,19 summit boulevard clydde north carolina
S1-859273420,S3-429276297,0,0.9999315043352994,uptown hypnosis inc,4001 prince william parkway unit unit 102 prince william county va,US,uptown hypnosis inc,04004 prince william parkway unit 102 prince william county virginia
S1-503770557,S2-353959174,0,0.9999290363150729,1627 seventh drive partners group,1402 4th street tulsa ok,US,pditcc group,pueblo 1402 santa rosa street co
S1-542349058,S3-712263025,0,0.9999279659777374,unified textiles inc,1717 hobson pike unit 618 nashville tn,US,unified textiles inc,1721c hobson pike unit 618 nashville tennessee
S1-487450128,S2-609575310,0,0.9999248586064446,chiropractic empire partners,1800 stuyvesant avenue hempstead ny,US,chiropractic empire partners partners,1800 stuyvesant avenue hempstead ny
S1-412354235,S2-179344464,0,0.9999236916225558,sehra group of companies center,block no 154 r s 189 1 village dhamdod ta mangrol dist surat surat gujarat,India,sehra group of companies center,ગુજરાત block no 156 r s 189 1 village dhamdod ta mangrol dist surat surat
S1-818348959,S3-410617228,0,0.9999210216271208,ear nose throat desert group llc,365 surryse road unit suite 130 lake zurich il,US,ear nose throat desert group llc,370 surryse road unit suite 130 lake zurich illinois
S1-453018979,S2-228603794,0,0.9999194158464676,g t lloyds inc,181 county road 5351 ozone ar,US,g t lloyds inc,202 county road 5351 ozone ar
S1-171454258,S3-669602490,0,0.9999190976531378,taa realty inc,60 4th street fl 1 central point or,US,taa realty inc,62 4th street fl 1 central point oregon
