threshold,macro_f0.5
0.05,0.6916299190147572
0.1,0.7020667497445336
0.15,0.7082223848793746
0.2,0.7129063527567663
0.25,0.717368209969498
0.3,0.721470668987691
0.35,0.7254731740726937
0.4,0.729373484608852
0.45,0.733456186571224
0.5,0.7375535952766415
0.55,0.7416953536127328
0.6,0.7460075993365965
0.65,0.7503971394028863
0.7,0.7550265947120128
0.75,0.7601543663355823
0.8,0.7698914712606448
0.85,0.7785770066385799
0.9,0.7864767581429719
0.905,0.7872964143331084
0.91,0.7890026826398755
0.915,0.7900659913806618
0.92,0.791494032123056
0.925,0.7921789808555265
0.93,0.7930417969191743
0.935,0.7936996672898339
0.94,0.7943117160126141
0.945,0.7949991857839647
0.95,0.7954929827277085
0.955,0.7959315104325508
0.96,0.7961997708433204
0.965,0.7961754066409653
0.97,0.7958276618188862
0.975,0.7946371843611347
0.98,0.7925925485844124
0.985,0.7882720030505147
0.99,0.7793102118316354
0.995,0.7542925443213027
